Unknown,Voltage
V1,10.0
V2,6.666666666666666
I_V_2,-0.003333333333333334
